No,회사,제목,지역,상세보기 페이지
1,삼일회계법인,[삼일회계법인] 기업 운영리스크(Operational Risk) 전문가 채용 (경력),서울 용산구,https://job.incruit.com/jobdb_info/jobpost.asp?job=2604240001766&src=etc*search
2,삼일회계법인,[삼일회계법인] Risk Assurance 본부 SPA팀 보안전문가 경력직 채용,서울 용산구,https://job.incruit.com/jobdb_info/jobpost.asp?job=2604280003257&src=etc*search
3,인크루트,취업포털 인크루트 기업영업팀 영업직군 채용,서울 중구,https://job.incruit.com/jobdb_info/jobpost.asp?job=2604140000925&src=etc*search
4,삼일회계법인,[삼일회계법인] 바이오플랫폼 경력직 채용,서울 용산구,https://job.incruit.com/jobdb_info/jobpost.asp?job=2605120000945&src=etc*search
5,삼일회계법인,"[삼일회계법인] Deals, FS&RE 부동산 부문 경력직 채용",서울 용산구,https://job.incruit.com/jobdb_info/jobpost.asp?job=2605110004342&src=etc*search
6,(주)디앤오씨엠,[LG그룹 D&O CM] 정규직 경력사원 채용,전국 외,https://job.incruit.com/jobdb_info/jobpost.asp?job=2605080000921&src=etc*search
7,(주)동화세상에듀코,[부산] 국영수/과학 일대일 강사 채용(신입가능),부산,https://job.incruit.com/jobdb_info/jobpost.asp?job=2604190000162&src=etc*search
8,(주)동화세상에듀코,[해운대구/동래구] 국영수 일대일 강사 채용(신입가능),부산 동래구 외,https://job.incruit.com/jobdb_info/jobpost.asp?job=2605110001074&src=etc*search
9,삼일회계법인,Digital Innovation Lab  생성형 AI AX 개발자/컨설턴트 경력직,서울 용산구,https://job.incruit.com/jobdb_info/jobpost.asp?job=2604290000236&src=etc*search
10,삼일회계법인,[삼일회계법인] Risk Assurance 본부  SAP 전문가 경력직 채용,서울 용산구,https://job.incruit.com/jobdb_info/jobpost.asp?job=2604280003277&src=etc*search
11,(주)동화세상에듀코,[동래구] 국영수 온오프 일대일 강사 채용(신입가능),부산 외,https://job.incruit.com/jobdb_info/jobpost.asp?job=2604270000299&src=etc*search
12,인크루트,인크루트(주) 채용대행 QA 채용,서울 중구,https://job.incruit.com/jobdb_info/jobpost.asp?job=2605040002510&src=etc*search
13,인크루트,RPO그룹 채용대행 사업관리 팀원 모집,서울 중구,https://job.incruit.com/jobdb_info/jobpost.asp?job=2603270003132&src=etc*search
14,방위산업공제조합,방위산업공제조합 경력직원 채용 공고,서울 중구,https://job.incruit.com/jobdb_info/jobpost.asp?job=2605060000159&src=etc*search
15,지케이엘위드 주식회사,[공기업자회사/세븐럭카지노] 부산사업팀 F&B부문 조리 휴직 대체 수시채용,부산 외,https://job.incruit.com/jobdb_info/jobpost.asp?job=2605050000663&src=etc*search
16,지케이엘위드 주식회사,[공기업자회사/세븐럭카지노] 강남/강북사업팀 F&B부문 식음 직무 수시채용,서울 강남구 외,https://job.incruit.com/jobdb_info/jobpost.asp?job=2605050000665&src=etc*search
17,지케이엘위드 주식회사,[공기업자회사/세븐럭카지노] 강북사업팀 F&B부문 조리 직무 수시채용,서울 용산구 외,https://job.incruit.com/jobdb_info/jobpost.asp?job=2605050000666&src=etc*search
18,주식회사 시큐파이드(Secufide),2026년 정보보안컨설팅 컨설턴트(경력) 채용,서울 금천구,https://job.incruit.com/jobdb_info/jobpost.asp?job=2604090000838&src=etc*search
19,삼일피더블유씨엑셀러레이션센터,[삼일피더블유씨엑셀러레이션센터] 업무자동화(RPA) 엔지니어 채용 (신입),서울 용산구,https://job.incruit.com/jobdb_info/jobpost.asp?job=2604280001984&src=etc*search
20,지케이엘위드 주식회사,[공기업자회사/세븐럭카지노] 강북사업팀 시설관리 직무 수시채용,서울 용산구,https://job.incruit.com/jobdb_info/jobpost.asp?job=2605050000664&src=etc*search
21,지케이엘위드 주식회사,[공기업자회사/세븐럭카지노] 강남/강북사업팀 VIP의전 직무 수시채용,서울 외,https://job.incruit.com/jobdb_info/jobpost.asp?job=2605050000667&src=etc*search
22,(사)한국골프캐디협회,골프장호텔 정규직모집,광주 외,https://job.incruit.com/jobdb_info/jobpost.asp?job=2604240003153&src=etc*search
23,(주)동화세상에듀코,"[재택-대졸 이상] - 일대일 과목 코칭(국,영,수,사,과, 순수코칭 가능, 코딩가능)",인천 외,https://job.incruit.com/jobdb_info/jobpost.asp?job=2604280001067&src=etc*search
24,삼성생명(주) 서초사옥,삼성생명 전략영업본부 B2B 법인 컨설팅 채용,서울 서초구,https://job.incruit.com/jobdb_info/jobpost.asp?job=2603260000912&src=etc*search
25,충청남도역사문화연구원,2026년 제3회 기간제근로자 공개모집 및 시험운영 계획,충남 공주시,https://job.incruit.com/jobdb_info/jobpost.asp?job=2605040003942&src=etc*search
26,한국의약품안전관리원,한국의약품안전관리원 개방형 직위 (의약품안전조사본부장) 채용 재공고,경기 안양시 동안구,https://job.incruit.com/jobdb_info/jobpost.asp?job=2605110004474&src=etc*search
27,한양사이버대학교,[수업지원팀] 한양사이버대학교 조교 채용 공고,서울 성동구,https://job.incruit.com/jobdb_info/jobpost.asp?job=2605060000278&src=etc*search
28,(사)대한결핵협회,대한결핵협회 정규직 채용공고,전국,https://job.incruit.com/jobdb_info/jobpost.asp?job=2604290000204&src=etc*search
29,재단법인 강동문화재단,(재)강동문화재단 2026년 제6차 채용 재공고(제한경쟁/제한경쟁)_기간제_행정보조,경력무관,https://job.incruit.com/jobdb_info/jobpost.asp?job=2605040003839&src=etc*search
30,수도권매립지관리공사,수도권매립지관리공사 기간제 근로자 및 체험형 청년인턴 채용 공고,인천 서구,https://job.incruit.com/jobdb_info/jobpost.asp?job=2604290003871&src=etc*search
